trial,testing,parameters,initial_deadline,final_deadline,net_reward,actions,success
1,False,"{'a': 0.5, 'e': 0.95}",20,0,-173.48062359219168,"{0: 11, 1: 1, 2: 4, 3: 1, 4: 3}",0
2,False,"{'a': 0.5, 'e': 0.8999999999999999}",25,0,-125.4780951596326,"{0: 11, 1: 6, 2: 7, 3: 0, 4: 1}",0
3,False,"{'a': 0.5, 'e': 0.8499999999999999}",30,0,-138.34038946314772,"{0: 15, 1: 6, 2: 8, 3: 0, 4: 1}",0
4,False,"{'a': 0.5, 'e': 0.7999999999999998}",25,0,-103.90616092569773,"{0: 16, 1: 2, 2: 5, 3: 1, 4: 1}",0
5,False,"{'a': 0.5, 'e': 0.7499999999999998}",20,0,-96.99780568093371,"{0: 9, 1: 6, 2: 4, 3: 0, 4: 1}",0
