trial,testing,parameters,initial_deadline,final_deadline,net_reward,actions,success
1,False,"{'a': 0.5, 'e': 0.95}",20,0,-119.385016363524,"{0: 11, 1: 1, 2: 6, 3: 1, 4: 1}",0
2,False,"{'a': 0.5, 'e': 0.8999999999999999}",20,0,-58.10184863209876,"{0: 14, 1: 3, 2: 2, 3: 0, 4: 1}",0
3,False,"{'a': 0.5, 'e': 0.8499999999999999}",20,0,-134.35323367398382,"{0: 13, 1: 1, 2: 3, 3: 0, 4: 3}",0
4,False,"{'a': 0.5, 'e': 0.7999999999999998}",20,0,-32.61599733368817,"{0: 14, 1: 2, 2: 4, 3: 0, 4: 0}",0
5,False,"{'a': 0.5, 'e': 0.7499999999999998}",30,0,-89.067063082952,"{0: 21, 1: 3, 2: 4, 3: 1, 4: 1}",0
6,False,"{'a': 0.5, 'e': 0.6999999999999997}",30,0,-150.19643717693984,"{0: 16, 1: 3, 2: 9, 3: 1, 4: 1}",0
