trial,testing,parameters,initial_deadline,final_deadline,net_reward,actions,success
1,False,"{'a': 0.5, 'e': 0.95}",25,0,-30.088772464699264,"{0: 13, 1: 12, 2: 0, 3: 0, 4: 0}",0
2,False,"{'a': 0.5, 'e': 0.8999999999999999}",25,0,-51.502487727416714,"{0: 13, 1: 12, 2: 0, 3: 0, 4: 0}",0
3,False,"{'a': 0.5, 'e': 0.8499999999999999}",20,0,-22.78242944384247,"{0: 11, 1: 9, 2: 0, 3: 0, 4: 0}",0
4,False,"{'a': 0.5, 'e': 0.7999999999999998}",20,0,-24.465162024303947,"{0: 11, 1: 9, 2: 0, 3: 0, 4: 0}",0
5,False,"{'a': 0.5, 'e': 0.7499999999999998}",25,0,-70.51991837293404,"{0: 10, 1: 15, 2: 0, 3: 0, 4: 0}",0
